{
  "chunks": {
    "0_1": 1759935959.689867,
    "0_2": 1759854288.3680096,
    "1_1": 1759854288.3680096,
    "0_4": 1759936284.0625663,
    "0_5": 1759854288.371343,
    "0_3": 1759936254.7033603,
    "1_0": 1759854288.3680096,
    "1_2": 1759854288.3680096
  }
}