{
  "chunks": {
    "1_5": 1759933031.069233,
    "0_0": 1759859449.1612487,
    "0_1": 1759859449.1612487,
    "0_2": 1759859449.1612487,
    "0_3": 1759860606.5417545,
    "0_4": 1759932497.7366493,
    "0_5": 1759859449.164582,
    "0_6": 1759859449.164582,
    "0_7": 1759860685.2690637,
    "0_8": 1759859449.164582,
    "0_9": 1759860722.4960136,
    "0_12": 1759932588.7873054,
    "0_13": 1759859449.164582,
    "0_14": 1759859449.164582,
    "0_15": 1759860871.1203663,
    "0_16": 1759859449.164582,
    "0_17": 1759860917.4373193,
    "0_18": 1759859449.1679153,
    "1_0": 1759860941.1041274,
    "1_1": 1759861044.2213752,
    "1_4": 1759859590.5645857,
    "1_6": 1759932994.3591301,
    "1_7": 1759859590.567919,
    "1_8": 1759933092.729389,
    "1_9": 1759859590.567919,
    "1_10": 1759859590.567919,
    "0_10": 1759935388.4434483,
    "0_11": 1759932752.324889,
    "1_2": 1759932883.3887684,
    "1_3": 1759936703.8516634
  },
  "approved_pdf": true,
  "approved_pdf_at": 1759943803.011896
}