{
  "approved_pdf": true,
  "approved_pdf_at": 1759986392.8440473,
  "chunks": {
    "3_0": 1759940022.500251,
    "0_0": 1759939521.3061354,
    "0_1": 1759938561.2112987,
    "0_2": 1759938561.2112987,
    "0_3": 1759938561.2112987,
    "1_0": 1759938561.2112987,
    "1_1": 1759938561.2112987,
    "1_2": 1759938561.2112987,
    "1_3": 1759938561.2112987,
    "2_0": 1759939463.572712,
    "2_1": 1759939463.572712,
    "2_3": 1759939463.5760453,
    "3_1": 1759939427.555989,
    "3_2": 1759938561.2112987,
    "3_3": 1759938561.2112987,
    "2_2": 1759939912.8167467,
    "2_5": 1759939727.8297913,
    "2_6": 1759939699.1597466,
    "0_4": 1759942664.3523679,
    "0_5": 1759938561.2112987
  }
}