{
  "chunks": {
    "1_0": 1759858695.691175,
    "1_1": 1759858695.691175,
    "1_2": 1759931169.6006906,
    "0_0": 1759932100.8252318,
    "0_1": 1759858555.0011413,
    "0_2": 1759931125.5309575,
    "0_3": 1759860071.3549025,
    "1_6": 1759932270.3910534,
    "1_7": 1759860514.934255,
    "2_0": 1759936397.8041768,
    "2_1": 1759932304.6781297,
    "2_2": 1759854245.3511825,
    "1_3": 1759935237.8924937,
    "1_4": 1759935318.4663486,
    "1_5": 1759936359.6966712,
    "2_3": 1759936459.681309,
    "3_1": 1759936580.737759,
    "3_2": 1759936569.8644667,
    "3_0": 1759936522.6146173
  },
  "approved_pdf": true,
  "approved_pdf_at": 1759937478.8493872
}