{
  "chunks": {
    "0_0": 1759989146.724261,
    "0_1": 1759989146.724261,
    "0_2": 1759989146.724261,
    "0_3": 1760077727.0275183,
    "0_4": 1759989146.7342613,
    "0_5": 1760077779.685172,
    "1_0": 1760077986.676663,
    "1_2": 1760078070.0074992,
    "2_0": 1760078125.4710429,
    "2_1": 1760078222.7667248,
    "2_2": 1759989146.7342613,
    "2_3": 1759989146.7342613,
    "1_4": 1760078090.7849069,
    "1_3": 1760078275.060346,
    "1_1": 1760078505.0664332
  },
  "approved_pdf": true,
  "approved_pdf_at": 1760090300.105183
}