{
  "chunks": {
    "0_0": 1760082028.1417062,
    "0_1": 1760080700.9627388,
    "1_0": 1760080893.357366,
    "1_1": 1760082048.7519293,
    "1_2": 1760082077.5155911,
    "1_3": 1760082093.3924472,
    "1_4": 1760080893.357366,
    "1_5": 1760082119.609439,
    "1_6": 1760082135.7796466,
    "1_7": 1760082185.8436565,
    "1_8": 1760080893.357366,
    "2_0": 1760082235.6077085,
    "2_4": 1760081909.600646
  },
  "approved_pdf": true,
  "approved_pdf_at": 1760090722.476344
}