{
  "chunks": {
    "0_0": 1759940700.50243,
    "0_1": 1759940700.50243,
    "0_2": 1759940700.50243,
    "0_3": 1759941826.1077118,
    "0_4": 1759942132.965016,
    "1_1": 1759942031.4670691
  },
  "approved_pdf": true,
  "approved_pdf_at": 1759943617.748933
}