{
  "chunks": {
    "0_2": 1759939844.0899727,
    "0_4": 1759939844.0899727,
    "1_0": 1759939653.939676,
    "1_1": 1759942418.1371987,
    "1_3": 1759942459.9008164,
    "1_4": 1759939653.9430094,
    "1_2": 1759942441.8240252
  },
  "approved_pdf": true,
  "approved_pdf_at": 1760091278.626701
}